﻿Dis No,Year,Seq,Glide,Disaster Group,Disaster Subgroup,Disaster Type,Disaster Subtype,Disaster Subsubtype,Event Name,Country,ISO,Region,Continent,Location,State,Origin,Associated Dis,Associated Dis2,OFDA Response,Appeal,Declaration,Aid Contribution,Dis Mag Value,Dis Mag Scale,Latitude,Longitude,Local Time,River Basin,Start Year,Start Month,Start Day,End Year,End Month,End Day,Total Deaths,No Injured,No Affected,No Homeless,Total Affected,Reconstruction Costs ('000 US$),Insured Damages ('000 US$),Total Damages ('000 US$),CPI,Adm Level,Admin1 Code,Admin2 Code,Geo Locations
1974-0088-USA,1974,88,,Technological,Technological,Industrial accident,Chemical spill,,,United States of America (the),USA,Northern America,Americas,Decatur,GA,,,,,,,,,m3,,,,,1974,,,1974,,,7,152,,,152,,,,19.05185393,,,,
1975-0094-USA,1975,94,,Technological,Technological,Industrial accident,Chemical spill,,LPG,United States of America (the),USA,Northern America,Americas,Eagle Pass,TX,,,,,,,,,m3,,,,,1975,,,1975,,,17,34,,,34,,,,20.79379863,,,,
1975-0095-USA,1975,95,,Technological,Technological,Industrial accident,Chemical spill,,Chlorine,United States of America (the),USA,Northern America,Americas,Niagara Falls,NY,,,,,,,,,m3,,,,,1975,,,1975,,,4,176,,,176,,,,20.79379863,,,,
1975-0097-USA,1975,97,,Technological,Technological,Industrial accident,Chemical spill,,Ammonia,United States of America (the),USA,Northern America,Americas,Houston,TX,,,,,,,,,m3,,,,,1975,,,1975,,,6,178,,,178,,,,20.79379863,,,,
1975-0098-USA,1975,98,,Technological,Technological,Industrial accident,Chemical spill,,Ammonia,United States of America (the),USA,Northern America,Americas,Deer Park,NY,,,,,,,,,m3,,,,,1975,,,1975,,,5,200,,,200,,,,20.79379863,,,,
1979-0188-USA,1979,188,,Technological,Technological,Industrial accident,Chemical spill,,,United States of America (the),USA,Northern America,Americas,Crystal city,VA,,,,,,,,,m3,,,,,1979,,,1979,,,,,6000,,6000,,,,28.04168132,,,,
1979-0189-USA,1979,189,,Technological,Technological,Industrial accident,Chemical spill,,Ammonia/Chlorine,United States of America (the),USA,Northern America,Americas,Crestview,FL,,,,,,,,,m3,,,,,1979,,,1979,,,,14,4500,,4514,,,,28.04168132,,,,
1979-0190-USA,1979,190,,Technological,Technological,Industrial accident,Chemical spill,,Parathion,United States of America (the),USA,Northern America,Americas,Memphis,TN,,,,,,,,,m3,,,,,1979,,,1979,,,,,200,,200,,,,28.04168132,,,,
1980-0202-USA,1980,202,,Technological,Technological,Industrial accident,Chemical spill,,Vinyl Chloride,United States of America (the),USA,Northern America,Americas,Muldraugh,KY,,,,,,,,,m3,,,,,1980,,,1980,,,,4,6500,,6504,,,,31.84110657,,,,
1980-0203-USA,1980,203,,Technological,Technological,Industrial accident,Chemical spill,,Phosphorous Trichloride,United States of America (the),USA,Northern America,Americas,Sommerville,MA,,,,,,,,,m3,,,,,1980,,,1980,,,,343,23000,,23343,,,,31.84110657,,,,
1980-0204-USA,1980,204,,Technological,Technological,Industrial accident,Chemical spill,,Styrene,United States of America (the),USA,Northern America,Americas,Garland,TX,,,,,,,,,m3,,,,,1980,,,1980,,,,5,8600,,8605,,,,31.84110657,,,,
1981-0176-USA,1981,176,,Technological,Technological,Industrial accident,Chemical spill,,Chemical plant,United States of America (the),USA,Northern America,Americas,Gelsmar,LA,,,,,,,,,m3,,,,,1981,,,1981,,,,140,,,140,,,,35.13179151,,,,
1981-0177-USA,1981,177,,Technological,Technological,Industrial accident,Chemical spill,,Propylene,United States of America (the),USA,Northern America,Americas,Castaic,CA,,,,,,,,,m3,,,,,1981,,,1981,,,,100,,,100,,,,35.13179151,,,,
1982-0235-USA,1982,235,,Technological,Technological,Industrial accident,Chemical spill,,Fuel Oil,United States of America (the),USA,Northern America,Americas,Livingston,NJ,,,,,,,,,m3,,,,,1982,,,1982,,,,,3000,,3000,,,,37.28586971,,,,
1982-0236-USA,1982,236,,Technological,Technological,Industrial accident,Chemical spill,,Methyl Acrylate,United States of America (the),USA,Northern America,Americas,Vernon,CT,,,,,,,,,m3,,,,,1982,,,1982,,,,355,,,355,,,,37.28586971,,,,
1982-0237-USA,1982,237,,Technological,Technological,Industrial accident,Chemical spill,,Vinyl Chloride,United States of America (the),USA,Northern America,Americas,Fitchburg,MA,,,,,,,,,m3,,,,,1982,,,1982,,,,,3000,,3000,,,,37.28586971,,,,
1983-0295-USA,1983,295,,Technological,Technological,Industrial accident,Chemical spill,,Nitric acid,United States of America (the),USA,Northern America,Americas,Denver,CO,,,,,,,,,m3,,,,,1983,,,1983,,,,43,2000,,2043,,,,38.4836513,,,,
1984-0205-USA,1984,205,,Technological,Technological,Industrial accident,Chemical spill,,Methyl Isocyanate,United States of America (the),USA,Northern America,Americas,Middleport,OH,,,,,,,,,m3,,,,,1984,,,1984,,,,110,,,110,,,,40.13865994,,,,
1984-0206-USA,1984,206,,Technological,Technological,Industrial accident,Chemical spill,,Phosphorous Oxychloride,United States of America (the),USA,Northern America,Americas,Sauget,IL,,,,,,,,,m3,,,,,1984,,,1984,,,,125,,,125,,,,40.13865994,,,,
1984-0207-USA,1984,207,,Technological,Technological,Industrial accident,Chemical spill,,Malathion,United States of America (the),USA,Northern America,Americas,Linden,NJ,,,,,,,,,m3,,,,,1984,,,1984,,,,161,,,161,,,,40.13865994,,,,
1985-0200-USA,1985,200,,Technological,Technological,Industrial accident,Chemical spill,,Benzene,United States of America (the),USA,Northern America,Americas,Peabody,MA,,,,,,,,,m3,,,,,1985,,,1985,,,1,125,,,125,,,,41.56182689,,,,
1987-0275-USA,1987,275,,Technological,Technological,Industrial accident,Chemical spill,,Sulphuric Acid,United States of America (the),USA,Northern America,Americas,Wilson county,NC,,,,,,,,,m3,,,,,1987,,,1987,,,,,3000,,3000,,,,43.90266239,,,,
1987-0277-USA,1987,277,,Technological,Technological,Industrial accident,Chemical spill,,Phosphorous Trichloride,United States of America (the),USA,Northern America,Americas,Ohio,OH,,,,,,,,,m3,,,,,1987,,,1987,,,,6,2000,,2006,,,,43.90266239,,,,
1987-0278-USA,1987,278,,Technological,Technological,Industrial accident,Chemical spill,,Propane Gas,United States of America (the),USA,Northern America,Americas,Confluence,PA,,,,,,,,,m3,,,,,1987,,,1987,,,,,1000,,1000,,,,43.90266239,,,,
1989-0595-USA,1989,595,,Technological,Technological,Industrial accident,Oil spill,,Exxon Valdez,United States of America (the),USA,Northern America,Americas,Alaska,AL,,,,,No,No,,,m3,,,,,1989,3,24,1989,3,24,,,,,,,,,47.89849737,,,,
1991-0424-USA,1991,424,,Technological,Technological,Industrial accident,Chemical spill,,,United States of America (the),USA,Northern America,Americas,Kentucky,KY,,,,,,,,,m3,,,,,1991,11,20,1991,11,20,,,1000,,1000,,,,52.62202002,,,,
1997-0198-USA,1997,198,,Technological,Technological,Industrial accident,Chemical spill,,,United States of America (the),USA,Northern America,Americas,Flora ( Mississippi),MS,,,,,,,,,m3,,,,,1997,7,19,1997,7,19,,,6000,,6000,,,,62.02075732,,,,
1998-0195-USA,1998,195,,Technological,Technological,Industrial accident,Chemical spill,,Formaldehyde,United States of America (the),USA,Northern America,Americas,Florida,FL,,,,,,,,114,m3,,,,,1998,6,22,1998,6,22,,12,500,,512,,,,62.98350111,,,,
1998-0285-USA,1998,285,,Technological,Technological,Industrial accident,Chemical spill,,"Nitric Acid, Sodium Hydroxide",United States of America (the),USA,Northern America,Americas,Harper County (Texas),TX,,,,,,,,,m3,,,,,1998,9,2,1998,9,2,,,350,,350,,,,62.98350111,,,,
1998-0305-USA,1998,305,,Technological,Technological,Industrial accident,Chemical spill,,Sulphuric Acid,United States of America (the),USA,Northern America,Americas,Portland Mills (Pennsylvania),PA,,,,,,,,,m3,,,,,1998,10,7,1998,10,7,,,100,,100,,,,62.98350111,,,,
1998-0318-USA,1998,318,,Technological,Technological,Industrial accident,Chemical spill,,Sulphuric Acid,United States of America (the),USA,Northern America,Americas,Pierron (Illinois),IL,,,,,,,,,m3,,,,,1998,10,19,1998,10,19,,,200,,200,,,,62.98350111,,,,
1998-0412-USA,1998,412,,Technological,Technological,Industrial accident,Chemical spill,,Sodium Hydrosulphuric,United States of America (the),USA,Northern America,Americas,Western North Carolina,NC,,,,,,,,,m3,,,,,1998,12,8,1998,12,8,,,100,,100,,,,62.98350111,,,,
2014-0568-USA,2014,568,,Technological,Technological,Industrial accident,Chemical spill,,,United States of America (the),USA,Northern America,Americas,Charleston (West Virginia),WV,,,,,No,No,,,m3,,,,,2014,1,9,2014,1,10,,169,,,169,,,,91.47061409,,,,
2015-0221-USA,2015,221,,Technological,Technological,Industrial accident,Oil spill,,,United States of America (the),USA,Northern America,Americas,Santa Barbara (California),CA,,,,,No,Yes,,,m3,,,,,2015,5,20,2015,5,20,,,,,,,,,91.57911703,,,,
1979-0119-USA,1979,119,,Technological,Technological,Industrial accident,Radiation,,Nuclear plant Three Mile Island,United States of America (the),USA,Northern America,Americas,Pennsylvania,PA,,,,,,,,,m3,,,,,1979,3,28,1979,3,28,,,200000,,200000,,,,28.04168132,,,,
1973-0093-USA,1973,93,,Technological,Technological,Industrial accident,Poisoning,,,United States of America (the),USA,Northern America,Americas,Michigan,MI,,,,,,,,,m3,,,,,1973,,,1973,,,,333,,,333,,,,17.15536031,,,,
1978-0195-USA,1978,195,,Technological,Technological,Industrial accident,Gas leak,,Chlorine,United States of America (the),USA,Northern America,Americas,Youngstown,OH,,,,,,,,,m3,,,,,1978,,,1978,,,8,114,3500,,3614,,,,25.2049907,,,,
1979-0298-USA,1979,298,,Technological,Technological,Industrial accident,Gas leak,,Nuclear site,United States of America (the),USA,Northern America,Americas,Near Erwin (Tennessee),TN,,,,,No,No,,,m3,,,,,1979,8,,1979,8,,,,1000,,1000,,,,28.04168132,,,,
1991-0151-USA,1991,151,,Technological,Technological,Industrial accident,Gas leak,,Chlorine,United States of America (the),USA,Northern America,Americas,Near Las Vegas,NV,,,,,,,,,m3,,,,,1991,5,6,1991,5,6,,55,15000,,15055,,,,52.62202002,,,,
1994-0544-USA,1994,544,,Technological,Technological,Industrial accident,Gas leak,,Pipeline,United States of America (the),USA,Northern America,Americas,Houston,TX,,,,,,,,,m3,,,,,1994,10,21,1994,10,21,,,530,,530,,,,57.27148263,,,,
1996-0076-USA,1996,76,,Technological,Technological,Industrial accident,Gas leak,,Chlorine,United States of America (the),USA,Northern America,Americas,Montana,MT,,,,,,,,,m3,,,,,1996,4,11,1996,4,11,,92,1000,,1092,,,,60.60402838,,,,
